Workbook
Name Product_IDs: Products!$A$2:$A$9
Name Product_names: Products!$B$2:$B$9

Sheet Transaction
A1: Order_ID | B1: Date | C1: Customer_ID | D1: Product_ID | E1: Quantity | F1: Unit_Price | G1: City | H1: Channel | I1: Product_Name | J1: VLOOKUP_Product | K1: Revenue | L1: Order_Status | M1: City_Upper | N1: First_3_City | O1: City_Length | P1: INDEX_MATCH_Product
A2: 1001 | B2: 46266 | C2: C001 | D2: P101 | E2: 2 | F2: 450 | G2: Delhi | H2: Online | I2: =_xlfn.XLOOKUP(D2,Products!A:A,Products!B:B,"Not Found") -> Wireless Mouse | J2: =VLOOKUP(D2,Products!A:D,2,FALSE) -> Wireless Mouse | K2: =E2*F2 -> 900 | L2: =IF(K2>=1000,"High Value","Normal") -> Normal | M2: =UPPER(G2) -> DELHI | N2: =LEFT(G2,3) -> Del | O2: =LEN(G2) -> 5 | P2: =INDEX(Products!B:B,MATCH(D2,Products!A:A,0)) -> Wireless Mouse
A3: 1002 | B3: 46266 | C3: C002 | D3: P102 | E3: 1 | F3: 1200 | G3: Mumbai | H3: Store | I3: =_xlfn.XLOOKUP(D3,Products!A:A,Products!B:B,"Not Found") -> Keyboard | J3: =VLOOKUP(D3,Products!A:D,2,FALSE) -> Keyboard | K3: =E3*F3 -> 1200 | L3: =IF(K3>=1000,"High Value","Normal") -> High Value | M3: =UPPER(G3) -> MUMBAI | N3: =LEFT(G3,3) -> Mum | O3: =LEN(G3) -> 6 | P3: =INDEX(Products!B:B,MATCH(D3,Products!A:A,0)) -> Keyboard
A4: 1003 | B4: 46267 | C4: C003 | D4: P103 | E4: 3 | F4: 250 | G4: Delhi | H4: Online | I4: =_xlfn.XLOOKUP(D4,Products!A:A,Products!B:B,"Not Found") -> USB Cable | J4: =VLOOKUP(D4,Products!A:D,2,FALSE) -> USB Cable | K4: =E4*F4 -> 750 | L4: =IF(K4>=1000,"High Value","Normal") -> Normal | M4: =UPPER(G4) -> DELHI | N4: =LEFT(G4,3) -> Del | O4: =LEN(G4) -> 5 | P4: =INDEX(Products!B:B,MATCH(D4,Products!A:A,0)) -> USB Cable
A5: 1004 | B5: 46267 | C5: C004 | D5: P104 | E5: 1 | F5: 850 | G5: Jaipur | H5: Store | I5: =_xlfn.XLOOKUP(D5,Products!A:A,Products!B:B,"Not Found") -> Webcam | J5: =VLOOKUP(D5,Products!A:D,2,FALSE) -> Webcam | K5: =E5*F5 -> 850 | L5: =IF(K5>=1000,"High Value","Normal") -> Normal | M5: =UPPER(G5) -> JAIPUR | N5: =LEFT(G5,3) -> Jai | O5: =LEN(G5) -> 6 | P5: =INDEX(Products!B:B,MATCH(D5,Products!A:A,0)) -> Webcam
A6: 1005 | B6: 46268 | C6: C005 | D6: P105 | E6: 4 | F6: 300 | G6: Pune | H6: Online | I6: =_xlfn.XLOOKUP(D6,Products!A:A,Products!B:B,"Not Found") -> Notebook | J6: =VLOOKUP(D6,Products!A:D,2,FALSE) -> Notebook | K6: =E6*F6 -> 1200 | L6: =IF(K6>=1000,"High Value","Normal") -> High Value | M6: =UPPER(G6) -> PUNE | N6: =LEFT(G6,3) -> Pun | O6: =LEN(G6) -> 4 | P6: =INDEX(Products!B:B,MATCH(D6,Products!A:A,0)) -> Notebook
A7: 1006 | B7: 46268 | C7: C001 | D7: P103 | E7: 2 | F7: 250 | G7: Delhi | H7: Store | I7: =_xlfn.XLOOKUP(D7,Products!A:A,Products!B:B,"Not Found") -> USB Cable | J7: =VLOOKUP(D7,Products!A:D,2,FALSE) -> USB Cable | K7: =E7*F7 -> 500 | L7: =IF(K7>=1000,"High Value","Normal") -> Normal | M7: =UPPER(G7) -> DELHI | N7: =LEFT(G7,3) -> Del | O7: =LEN(G7) -> 5 | P7: =INDEX(Products!B:B,MATCH(D7,Products!A:A,0)) -> USB Cable
A8: 1007 | B8: 46269 | C8: C006 | D8: P101 | E8: 1 | F8: 450 | G8: Bengaluru | H8: Online | I8: =_xlfn.XLOOKUP(D8,Products!A:A,Products!B:B,"Not Found") -> Wireless Mouse | J8: =VLOOKUP(D8,Products!A:D,2,FALSE) -> Wireless Mouse | K8: =E8*F8 -> 450 | L8: =IF(K8>=1000,"High Value","Normal") -> Normal | M8: =UPPER(G8) -> BENGALURU | N8: =LEFT(G8,3) -> Ben | O8: =LEN(G8) -> 9 | P8: =INDEX(Products!B:B,MATCH(D8,Products!A:A,0)) -> Wireless Mouse
A9: 1008 | B9: 46269 | C9: C007 | D9: P106 | E9: 2 | F9: 700 | G9: Mumbai | H9: Online | I9: =_xlfn.XLOOKUP(D9,Products!A:A,Products!B:B,"Not Found") -> Headphones | J9: =VLOOKUP(D9,Products!A:D,2,FALSE) -> Headphones | K9: =E9*F9 -> 1400 | L9: =IF(K9>=1000,"High Value","Normal") -> High Value | M9: =UPPER(G9) -> MUMBAI | N9: =LEFT(G9,3) -> Mum | O9: =LEN(G9) -> 6 | P9: =INDEX(Products!B:B,MATCH(D9,Products!A:A,0)) -> Headphones
A10: 1009 | B10: 46270 | C10: C008 | D10: P102 | E10: 1 | F10: 1200 | G10: Delhi | H10: Store | I10: =_xlfn.XLOOKUP(D10,Products!A:A,Products!B:B,"Not Found") -> Keyboard | J10: =VLOOKUP(D10,Products!A:D,2,FALSE) -> Keyboard | K10: =E10*F10 -> 1200 | L10: =IF(K10>=1000,"High Value","Normal") -> High Value | M10: =UPPER(G10) -> DELHI | N10: =LEFT(G10,3) -> Del | O10: =LEN(G10) -> 5 | P10: =INDEX(Products!B:B,MATCH(D10,Products!A:A,0)) -> Keyboard
A11: 1010 | B11: 46270 | C11: C003 | D11: P105 | E11: 2 | F11: 300 | G11: Delhi | H11: Online | I11: =_xlfn.XLOOKUP(D11,Products!A:A,Products!B:B,"Not Found") -> Notebook | J11: =VLOOKUP(D11,Products!A:D,2,FALSE) -> Notebook | K11: =E11*F11 -> 600 | L11: =IF(K11>=1000,"High Value","Normal") -> Normal | M11: =UPPER(G11) -> DELHI | N11: =LEFT(G11,3) -> Del | O11: =LEN(G11) -> 5 | P11: =INDEX(Products!B:B,MATCH(D11,Products!A:A,0)) -> Notebook
A12: 1011 | B12: 46271 | C12: C009 | D12: P107 | E12: 1 | F12: 1500 | G12: Chandigarh | H12: Store | I12: =_xlfn.XLOOKUP(D12,Products!A:A,Products!B:B,"Not Found") -> Power Bank | J12: =VLOOKUP(D12,Products!A:D,2,FALSE) -> Power Bank | K12: =E12*F12 -> 1500 | L12: =IF(K12>=1000,"High Value","Normal") -> High Value | M12: =UPPER(G12) -> CHANDIGARH | N12: =LEFT(G12,3) -> Cha | O12: =LEN(G12) -> 10 | P12: =INDEX(Products!B:B,MATCH(D12,Products!A:A,0)) -> Power Bank
A13: 1012 | B13: 46271 | C13: C010 | D13: P104 | E13: 2 | F13: 850 | G13: Pune | H13: Online | I13: =_xlfn.XLOOKUP(D13,Products!A:A,Products!B:B,"Not Found") -> Webcam | J13: =VLOOKUP(D13,Products!A:D,2,FALSE) -> Webcam | K13: =E13*F13 -> 1700 | L13: =IF(K13>=1000,"High Value","Normal") -> High Value | M13: =UPPER(G13) -> PUNE | N13: =LEFT(G13,3) -> Pun | O13: =LEN(G13) -> 4 | P13: =INDEX(Products!B:B,MATCH(D13,Products!A:A,0)) -> Webcam
... A16: 1015 | B16: 46273 | C16: C012 | D16: P107 | E16: 1 | F16: 1500 | G16: Jaipur | H16: Store | I16: =_xlfn.XLOOKUP(D16,Products!A:A,Products!B:B,"Not Found") -> Power Bank | J16: =VLOOKUP(D16,Products!A:D,2,FALSE) -> Power Bank | K16: =E16*F16 -> 1500 | L16: =IF(K16>=1000,"High Value","Normal") -> High Value | M16: =UPPER(G16) -> JAIPUR | N16: =LEFT(G16,3) -> Jai | O16: =LEN(G16) -> 6 | P16: =INDEX(Products!B:B,MATCH(D16,Products!A:A,0)) -> Power Bank

Sheet Products
A1: Product_ID | B1: Product_Name | C1: Category | D1: Unit_Price
A2: P101 | B2: Wireless Mouse | C2: Accessories | D2: 450
A3: P102 | B3: Keyboard | C3: Accessories | D3: 1200
A4: P103 | B4: USB Cable | C4: Accessories | D4: 250
A5: P104 | B5: Webcam | C5: Electronics | D5: 850
A6: P105 | B6: Notebook | C6: Stationery | D6: 300
A7: P106 | B7: Headphones | C7: Electronics | D7: 700
A8: P107 | B8: Power Bank | C8: Electronics | D8: 1500
A9: P108 | B9: Pen Pack | C9: Stationery | D9: 180

Sheet Customers
A1: Customer_ID | B1: Customer_Name | C1: City
A2: C001 | B2: Aarav | C2: Delhi
A3: C002 | B3: Diya | C3: Mumbai
A4: C003 | B4: Kabir | C4: Delhi
A5: C004 | B5: Anaya | C5: Jaipur
A6: C005 | B6: Vivaan | C6: Pune
A7: C006 | B7: Ishita | C7: Bengaluru
A8: C007 | B8: Reyansh | C8: Mumbai
A9: C008 | B9: Myra | C9: Delhi
A10: C009 | B10: Arjun | C10: Chandigarh
A11: C010 | B11: Sara | C11: Pune
A12: C011 | B12: Advik | C12: Delhi
A13: C012 | B13: Meera | C13: Jaipur

Sheet Summary
A1: City | B1: Total Revenue
A2: Delhi | B2: =SUMIF(Transaction!G:G,A2,Transaction!K:K) -> 4850
A3: Mumbai | B3: =SUMIF(Transaction!G:G,A3,Transaction!K:K) -> 3300
A4: Delhi Online Revenue | B4: =SUMIFS(Transaction!K:K,Transaction!G:G,"Delhi",Transaction!H:H,"Online") -> 3150
A5: Delhi Orders | B5: =COUNTIF(Transaction!G:G,"Delhi") -> 6
A6: Delhi Online Orders | B6: =COUNTIFS(Transaction!G:G,"Delhi",Transaction!H:H,"Online") -> 4

Sheet Notes
A1: Formula | B1: When to Use | F1: Question | G1: Answer
A2: VLOOKUP | B2: Used to find a matching value from a table. | F2: SUMIF vs SUMIFS? | G2: SUMIF works with one condition, while SUMIFS works with multiple conditions.
A3: XLOOKUP | B3: Used for flexible lookups and can return a custom value when no match is found. | F3: XLOOKUP vs VLOOKUP? | G3: XLOOKUP is more flexible and does not have the same lookup-direction limitations as VLOOKUP.
A4: IF | B4: Used to return different results based on a condition. | F4: When would you use INDEX/MATCH? | G4: INDEX/MATCH is useful for flexible lookups, especially when the lookup column is not to the left of the return column.
A5: SUMIF | B5: Used to add values that meet one specific condition.
A6: SUMIFS | B6: Used to add values that meet multiple conditions.
A7: COUNTIF | B7: Used to count cells that meet one specific condition.
A8: COUNTIFS | B8: Used to count cells that meet multiple conditions.
A9: UPPER | B9: Used to convert text into uppercase letters.
A10: LEFT | B10: Used to extract characters from the left side of a text string.
A11: LEN | B11: Used to count the number of characters in a text string.
A12: INDEX + MATCH | B12: Used for flexible lookups when the lookup and return columns can be in different positions.
